period,demand,pv_prod,bought,sold,charge,discharge,soc
0,0.37115625,0.0,0.563142198526857,0.0,0.191985948526857,0.0,5.03181535367417
1,0.32515625,0.0,1.32515625,0.0,0.999999999999997,0.0,5.93080899060344
2,0.32465625,0.0,1.32465625,0.0,0.999999999999997,0.0,6.82962282880531
3,0.28165625,0.0,1.28165625,0.0,0.999999999999997,0.0,7.72825690423955
4,0.27665625,0.0,1.27665625,0.0,0.999999999999997,0.0,8.6267112528587
5,0.80495625,0.0,0.80495625,0.0,0.0,0.0,8.62498591060813
6,0.30415625,0.0,0.30415625,0.0,0.0,0.0,8.623260913426011
7,0.23445625,0.0,0.23445625,0.0,0.0,0.0,8.62153626124333
8,0.22885625,0.0,0.22885625,0.0,0.0,0.0,8.61981195399108
9,0.23915625,0.0,0.23915625,0.0,0.0,0.0,8.61808799160028
10,0.23765625,0.0,0.23765625,0.0,0.0,0.0,8.616364374001961
11,0.24045625,0.0,0.24045625,0.0,0.0,0.0,8.614641101127161
12,0.24095625,0.0,0.24095625,0.0,0.0,0.0,8.612918172906941
13,0.24265625,0.0,0.24265625,0.0,0.0,0.0,8.611195589272359
14,0.24095625,0.0,0.24095625,0.0,0.0,0.0,8.609473350154509
15,0.43395625,0.0,0.43395625,0.0,0.0,0.0,8.607751455484481
16,0.21215625,0.0,0.21215625,0.0,0.0,0.0,8.606029905193379
17,0.21045625,0.0,0.21045625,0.0,0.0,0.0,8.604308699212339
18,0.20115625,0.0,0.20115625,0.0,0.0,0.0,8.6025878374725
19,0.19315625,0.0,0.19315625,0.0,0.0,0.0,8.60086731990501
20,0.19215625,0.0,0.19215625,0.0,0.0,0.0,8.59914714644103
21,0.19265625,0.0,0.19265625,0.0,0.0,0.0,8.597427317011739
22,0.19185625,0.0,0.19185625,0.0,0.0,0.0,8.59570783154834
23,0.19335625,0.0,0.19335625,0.0,0.0,0.0,8.59398868998203
24,0.05245625,0.0,0.05245625,0.0,0.0,0.0,8.59226989224404
25,0.05635625,0.0,0.05635625,0.0,0.0,0.0,8.590551438265591
26,0.05965625,0.0,0.05965625,0.0,0.0,0.0,8.588833327977939
27,0.05565625,0.0,0.05565625,0.0,0.0,0.0,8.58711556131234
28,0.05685625,0.05685625,0.0,0.0,0.0,0.0,8.58539813820008
29,0.05635625,0.05635625,0.0,0.0,0.0,0.0,8.58368105857244
30,0.05665625,0.05665625,0.0,0.0,0.0,0.0,8.581964322360729
31,0.05345625,0.05345625,0.0,0.0,0.0,0.0,8.580247929496259
32,0.05735625,0.05735625,0.0,0.0,0.0,0.0,8.57853187991036
33,0.05445625,0.05445625,0.0,0.0,0.0,0.0,8.576816173534381
34,0.05615625,0.05615625,0.0,0.0,0.0,0.0,8.57510081029967
35,0.05545625,0.05545625,0.0,0.0,0.0,0.0,8.57338579013761
36,0.05635625,0.05635625,0.0,0.0,0.0,0.0,8.57167111297959
37,0.05415625,0.05415625,0.0,0.0,0.0,0.0,8.569956778756991
38,0.05215625,0.05215625,0.0,0.0,0.0,0.0,8.568242787401241
39,0.05115625,0.05115625,0.0,0.0,0.0,0.0,8.566529138843761
40,0.05195625,0.05195625,0.0,-0.0,0.0,0.0,8.564815833016
41,0.05665625,0.05665625,0.0,-0.0,0.0,0.0,8.56310286984939
42,0.05215625,0.05215625,0.0,-0.0,0.0,0.0,8.561390249275419
43,0.05735625,0.05735625,0.0,-0.0,0.0,0.0,8.55967797122557
44,0.05115625,0.05115625,0.0,-0.0,0.0,0.0,8.557966035631329
45,0.05295625,0.05295625,0.0,-0.0,0.0,0.0,8.5562544424242
46,0.05865625,0.05865625,0.0,-0.0,0.0,0.0,8.55454319153572
47,0.05345625,0.0,0.05345625,-0.0,0.0,0.0,8.552832282897411
48,0.05965625,0.0,0.05965625,-0.0,0.0,0.0,8.55112171644083
49,0.05865625,0.0,0.05865625,-0.0,0.0,0.0,8.549411492097549
50,0.05195625,0.0,0.05195625,-0.0,0.0,0.0,8.54770160979913
51,0.05345625,0.0,0.05345625,-0.0,0.0,0.0,8.545992069477171
52,0.05585625,0.0,0.05585625,-0.0,0.0,0.0,8.54428287106327
53,0.30565625,0.0,0.30565625,-0.0,0.0,0.0,8.542574014489061
54,0.35895625,0.0,0.35895625,-0.0,0.0,0.0,8.540865499686159
55,0.36745625,0.0,0.36745625,-0.0,0.0,0.0,8.53915732658623
56,0.37895625,0.37895625,0.0,0.0,0.0,0.0,8.53744949512091
57,0.34815625,0.34815625,0.0,0.0,0.0,0.0,8.53574200522189
58,0.35215625,0.35215625,0.0,0.0,0.0,0.0,8.534034856820851
59,0.32565625,0.32565625,0.0,0.0,0.0,0.0,8.532328049849481
60,0.10185625,0.10185625,0.0,0.0,0.0,0.0,8.53062158423951
61,0.10285625,0.10285625,0.0,0.0,0.0,0.0,8.52891545992267
62,0.10335625,0.10335625,0.0,0.0,0.0,0.0,8.52720967683068
63,0.10335625,0.10335625,0.0,0.0,0.0,0.0,8.525504234895321
64,0.10235625,0.10235625,0.0,0.0,0.0,0.0,8.523799134048341
65,0.09795624999999999,0.09795624999999999,0.0,0.0,0.0,0.0,8.522094374221529
66,0.09745624999999999,0.09745624999999999,0.0,0.0,0.0,0.0,8.52038995534669
67,0.09915625,0.09915625,0.0,0.0,0.0,0.0,8.518685877355621
68,0.10085625,0.0,0.10085625,0.0,0.0,0.0,8.516982140180151
69,0.09935625000000001,0.0,0.09935624999999999,0.0,0.0,0.0,8.51527874375212
70,0.08785625,0.0,0.08785625,0.0,0.0,0.0,8.513575688003369
71,0.08835625,0.0,0.08835625,0.0,0.0,0.0,8.51187297286577
72,0.08935625,0.0,0.08935625,0.0,0.0,0.0,8.5101705982712
73,0.08885625,0.0,0.08885625,0.0,0.0,0.0,8.50846856415154
74,0.08965624999999999,0.0,0.08965625000000001,0.0,0.0,0.0,8.50676687043871
75,0.04515625,0.0,0.04515625,0.0,0.0,0.0,8.505065517064629
76,0.04165625000000001,0.0,0.04165625,0.0,0.0,0.0,8.503364503961221
77,0.04415625,0.0,0.04415625,0.0,0.0,0.0,8.501663831060419
78,0.04385625,0.0,0.04385625,0.0,0.0,0.0,8.49996349829421
79,0.04415625,0.0,0.04415625,0.0,0.0,0.0,8.49826350559456
80,0.04385625,0.0,0.04385625,0.0,0.0,0.0,8.49656385289344
81,0.06065625,0.0,0.06065625,0.0,0.0,0.0,8.49486454012286
82,0.06245625,0.0,0.06245625,0.0,0.0,0.0,8.49316556721484
83,0.06295624999999999,0.0,0.06295625000000001,0.0,0.0,0.0,8.491466934101391
84,0.06115625,0.0,0.06115625,0.0,0.0,0.0,8.489768640714569
85,0.06165625,0.0,0.06165625,0.0,0.0,0.0,8.488070686986431
86,0.06165625,0.0,0.06165625,0.0,0.0,0.0,8.486373072849039
87,0.06065625,0.0,0.06065625,0.0,0.0,0.0,8.48467579823447
88,0.06165625,0.0,0.06165625,0.0,0.0,0.0,8.48297886307482
89,0.22685625,0.0,0.22685625,0.0,0.0,0.0,8.481282267302211
90,0.28435625,0.0,0.28435625,0.0,0.0,0.0,8.479586010848751
91,0.28265625,0.0,0.28265625,0.0,0.0,0.0,8.477890093646581
92,0.28315625,0.0,0.28315625,0.0,0.0,0.0,8.476194515627849
93,0.24515625,0.0,0.24515625,0.0,0.0,0.0,8.474499276724719
94,0.24115625,0.0,0.24115625,0.0,0.0,0.0,8.47280437686938
95,0.24245625,0.0,0.24245625,0.0,0.0,0.0,8.47110981599401
96,0.23165625,0.0,0.23165625,0.0,0.0,0.0,8.46941559403081
97,0.19265625,0.0,0.19265625,0.0,0.0,0.0,8.467721710912
98,0.18885625,0.0,0.18885625,0.0,0.0,0.0,8.466028166569821
99,0.18865625,0.0,0.18865625,0.0,0.0,0.0,8.46433496093651
100,0.20445625,0.0,0.20445625,0.0,0.0,0.0,8.46264209394432
101,0.19665625,0.0,0.19665625,0.0,0.0,0.0,8.46094956552554
102,0.18115625,0.0,0.18115625,0.0,0.0,0.0,8.459257375612429
103,0.19815625,0.0,0.19815625,0.0,0.0,0.0,8.45756552413731
104,0.18215625,0.0,0.18215625,0.0,0.0,0.0,8.455874011032479
105,0.18245625,0.0,0.18245625,0.0,0.0,0.0,8.454182836230281
106,0.18095625,0.0,0.18095625,0.0,0.0,0.0,8.45249199966303
107,0.18165625,0.0,0.18165625,0.0,0.0,0.0,8.450801501263101
108,0.18315625,0.0,0.18315625,0.0,0.0,0.0,8.449111340962849
109,0.18415625,0.0,0.18415625,0.0,0.0,0.0,8.447421518694661
110,0.18345625,0.0,0.18345625,0.0,0.0,0.0,8.44573203439092
111,0.18445625,0.0,0.18445625,0.0,0.0,0.0,8.44404288798404
112,0.47285625,0.0,0.47285625,0.0,0.0,0.0,8.442354079406449
113,0.50415625,0.0,0.50415625,0.0,0.0,0.0,8.440665608590569
114,0.53985625,0.0,0.53985625,0.0,0.0,0.0,8.43897747546885
115,0.06345624999999999,0.0,0.06345625000000001,0.0,0.0,0.0,8.437289679973761
116,0.06215625,0.0,0.06215625,0.0,0.0,0.0,8.43560222203776
117,0.05785625,0.0,0.05785625,0.0,0.0,0.0,8.43391510159336
118,0.05765625,0.0,0.05765625,0.0,0.0,0.0,8.43222831857304
119,0.06195625,0.0,0.06195625,0.0,0.0,0.0,8.43054187290933
120,0.05965625,0.0,0.05965625,0.0,0.0,0.0,8.42885576453474
121,0.05885625,0.0,0.05885625,0.0,0.0,0.0,8.42716999338184
122,0.04365625,0.0,0.04365625,0.0,0.0,0.0,8.425484559383159
123,0.04235625,0.04235625,0.0,0.0,0.0,0.0,8.42379946247129
124,0.04335625,0.04335625,0.0,0.0,0.0,0.0,8.42211470257879
125,0.04265625,0.04265625,0.0,0.0,0.0,0.0,8.42043027963828
126,0.05565625,0.05565625,0.0,0.0,0.0,0.0,8.418746193582351
127,0.05585625,0.05585625,0.0,0.0,0.0,0.0,8.417062444343641
128,0.05465625,0.05465625,0.0,0.0,0.0,0.0,8.415379031854769
129,0.05415625,0.05415625,0.0,0.0,0.0,0.0,8.4136959560484
130,0.05395625,0.05395625,0.0,0.0,0.0,0.0,8.41201321685719
131,0.05515625,0.05515625,0.0,0.0,0.0,0.0,8.41033081421382
132,0.05415625,0.05415625,0.0,0.0,0.0,0.0,8.408648748050981
133,0.05885625,0.05885625,0.0,0.0,0.0,0.0,8.406967018301369
134,0.05215625,0.05215625,0.0,0.0,0.0,0.0,8.40528562489771
135,0.05215625,0.05215625,0.0,0.0,0.0,0.0,8.40360456777273
136,0.05345625,0.05345625,0.0,0.0,0.0,0.0,8.40192384685918
137,0.05195625,0.05195625,0.0,0.0,0.0,0.0,8.40024346208981
138,0.05215625,0.05215625,0.0,0.0,0.0,0.0,8.39856341339739
139,0.05345625,0.05345625,0.0,0.0,0.0,0.0,8.39688370071471
140,0.05665625,0.05665625,0.0,0.0,0.0,0.0,8.39520432397457
141,0.05635625,0.05635625,0.0,0.0,0.0,0.0,8.39352528310978
142,0.05495625,0.05495625,0.0,0.0,0.0,0.0,8.39184657805316
143,0.04835625,0.04835625,0.0,0.0,0.0,0.0,8.390168208737551
144,0.04815625,0.04815625,0.0,0.0,0.0,0.0,8.3884901750958
145,0.04765625,0.04765625,0.0,0.0,0.0,0.0,8.386812477060779
146,0.04865625,0.04865625,0.0,0.0,0.0,0.0,8.385135114565371
147,0.04985625,0.04985625,0.0,0.0,0.0,0.0,8.38345808754246
148,0.04985625,0.04985625,0.0,0.0,0.0,0.0,8.38178139592495
149,0.25585625,0.25585625,0.0,0.0,0.0,0.0,8.38010503964577
150,0.34785625,0.34785625,0.0,0.0,0.0,0.0,8.37842901863784
151,0.35535625,0.35535625,0.0,0.0,0.0,0.0,8.37675333283411
152,0.36015625,0.36015625,0.0,0.0,0.0,0.0,8.37507798216755
153,0.33115625,0.33115625,0.0,0.0,0.0,0.0,8.37340296657111
154,0.33215625,0.33215625,0.0,0.0,0.0,0.0,8.371728285977801
155,0.30415625,0.30415625,0.0,0.0,0.0,0.0,8.370053940320609
156,0.05715625,0.05715625,0.0,0.0,0.0,0.0,8.368379929532541
157,0.05615625,0.05615625,0.0,0.0,0.0,0.0,8.36670625354664
158,0.05785625,0.05785625,0.0,0.0,0.0,0.0,8.365032912295931
159,0.05715625,0.05715625,0.0,0.0,0.0,0.0,8.36335990571347
160,0.05545625,0.05545625,0.0,0.0,0.0,0.0,8.361687233732329
161,0.05415625,0.05415625,0.0,0.0,0.0,0.0,8.36001489628558
162,0.05195625,0.05195625,0.0,0.0,0.0,0.0,8.358342893306331
163,0.05365625,0.05365625,0.0,0.0,0.0,0.0,8.35667122472767
164,0.05465625,0.05465625,0.0,0.0,0.0,0.0,8.35499989048272
165,0.05545625,0.0,0.05545625,0.0,0.0,0.0,8.353328890504629
166,0.05345625,0.0,0.05345625,0.0,0.0,0.0,8.351658224726529
167,0.05495625,0.0,0.05495625,0.0,0.0,0.0,8.349987893081581
168,0.04315625,0.0,0.04315625,0.0,0.0,0.0,8.348317895502969
169,0.04415625,0.0,0.04415625,0.0,0.0,0.0,8.34664823192387
170,0.04465625,0.0,0.04465625,0.0,0.0,0.0,8.344978902277489
171,0.04385625,0.0,0.04385625,0.0,0.0,0.0,8.34330990649703
172,0.04335625,0.0,0.04335625,0.0,0.0,0.0,8.34164124451573
173,0.04495625,0.0,0.04495625,0.0,0.0,0.0,8.339972916266831
174,0.04335625,0.0,0.04335625,0.0,0.0,0.0,8.33830492168358
175,0.04365625,0.0,0.04365625,0.0,0.0,0.0,8.33663726069924
176,0.04285625,0.0,0.04285625,0.0,0.0,0.0,8.3349699332471
177,0.04285625,0.0,0.04285625,0.0,0.0,0.0,8.333302939260459
178,0.04715625,0.0,0.04715625,0.0,0.0,0.0,8.331636278672599
179,0.04615625,0.0,0.04615625,0.0,0.0,0.0,8.329969951416871
180,0.06215625,0.0,0.06215625,0.0,0.0,0.0,8.32830395742659
181,0.05995625,0.0,0.05995625,0.0,0.0,0.0,8.3266382966351
182,0.06295624999999999,0.0,0.06295625000000001,0.0,0.0,0.0,8.32497296897578
183,0.06215625,0.0,0.06215625,0.0,0.0,0.0,8.323307974381979
184,0.06045625,0.0,0.06045625,0.0,0.0,0.0,8.32164331278711
185,0.22085625,0.0,0.22085625,0.0,0.0,0.0,8.31997898412455
186,0.28985625,0.0,0.28985625,0.0,0.0,0.0,8.31831498832773
187,0.28965625,0.0,0.28965625,0.0,0.0,0.0,8.31665132533006
188,0.28785625,0.0,0.28785625,0.0,0.0,0.0,8.314987995065
189,0.29065625,0.0,0.29065625,0.0,0.0,0.0,8.31332499746599
190,0.24985625,0.0,0.24985625,0.0,0.0,0.0,8.31166233246649
191,0.24765625,0.0,0.24765625,0.0,0.0,0.0,8.31