filename,enc,param,experiment,hof_best,duration_s,total_nevals,n_generations
HoF-f9-0-0.logbook,f9,0,0.logbook,1.0668990593191514,1030.6484944820404,18535.0,201
HoF-f9-0-1.logbook,f9,0,1.logbook,1.052143085545297,965.9519126415253,18503.0,201
HoF-f9-0-2.logbook,f9,0,2.logbook,0.9639450959104919,941.0176541805267,18485.0,201
HoF-f9-0-3.logbook,f9,0,3.logbook,0.9629040217085331,957.2403235435486,18530.0,201
HoF-f9-0-4.logbook,f9,0,4.logbook,0.9646923157927757,957.6719522476196,18566.0,201
HoF-f9-0-5.logbook,f9,0,5.logbook,0.9621711176581496,949.0677444934845,18516.0,201
HoF-f9-0-6.logbook,f9,0,6.logbook,0.9621711176581496,956.9217450618744,18568.0,201
HoF-f9-0-7.logbook,f9,0,7.logbook,0.9646923157927757,936.4964897632599,18510.0,201
HoF-f9-0-8.logbook,f9,0,8.logbook,1.062049792642797,1049.0300552845001,18626.0,201
HoF-f9-0-9.logbook,f9,0,9.logbook,0.9646923157927757,952.9036486148834,18510.0,201
HoF-f9-005-0.logbook,f9,005,0.logbook,0.9646923157927757,956.9972698688507,18540.0,201
HoF-f9-005-1.logbook,f9,005,1.logbook,0.9646923157927757,953.8850901126862,18508.0,201
HoF-f9-005-2.logbook,f9,005,2.logbook,0.9767604399754817,958.0375227928162,18517.0,201
HoF-f9-005-3.logbook,f9,005,3.logbook,0.9769267552390629,983.2361969947815,18551.0,201
HoF-f9-005-4.logbook,f9,005,4.logbook,0.9797614020364396,972.6344304084778,18465.0,201
HoF-f9-005-5.logbook,f9,005,5.logbook,0.9646923157927757,944.9429020881653,18479.0,201
HoF-f9-005-6.logbook,f9,005,6.logbook,0.9621711176581496,948.0194692611694,18492.0,201
HoF-f9-005-7.logbook,f9,005,7.logbook,0.9646923157927757,957.1188044548035,18505.0,201
HoF-f9-005-8.logbook,f9,005,8.logbook,0.9621711176581496,948.2555046081543,18543.0,201
HoF-f9-005-9.logbook,f9,005,9.logbook,0.9836384122232983,951.5843360424042,18542.0,201
HoF-f9-010-0.logbook,f9,010,0.logbook,0.9629040217085331,974.8914382457733,18446.0,201
HoF-f9-010-1.logbook,f9,010,1.logbook,0.9657825707474537,981.1495678424835,18542.0,201
HoF-f9-010-2.logbook,f9,010,2.logbook,1.0678928845258016,1059.5223834514618,18486.0,201
HoF-f9-010-3.logbook,f9,010,3.logbook,0.932832611457511,989.9820697307587,18483.0,201
HoF-f9-010-4.logbook,f9,010,4.logbook,0.9646923157927757,960.7732088565826,18533.0,201
HoF-f9-010-5.logbook,f9,010,5.logbook,0.9629040217085331,943.4542934894562,18470.0,201
HoF-f9-010-6.logbook,f9,010,6.logbook,0.9799483264795912,973.3001339435577,18513.0,201
HoF-f9-010-7.logbook,f9,010,7.logbook,0.8038518951771171,903.5354580879211,18514.0,201
HoF-f9-010-8.logbook,f9,010,8.logbook,0.9621711176581496,944.5451538562775,18487.0,201
HoF-f9-010-9.logbook,f9,010,9.logbook,0.9621711176581496,954.2521030902863,18491.0,201
HoF-f9-020-0.logbook,f9,020,0.logbook,0.9621711176581496,940.6061506271362,18484.0,201
HoF-f9-020-1.logbook,f9,020,1.logbook,0.9269362566962909,965.4557497501373,18549.0,201
HoF-f9-020-2.logbook,f9,020,2.logbook,0.9646923157927757,954.3906321525574,18490.0,201
HoF-f9-020-3.logbook,f9,020,3.logbook,0.9646923157927757,956.5903429985046,18472.0,201
HoF-f9-020-4.logbook,f9,020,4.logbook,0.9658845199226964,948.4021034240723,18399.0,201
HoF-f9-020-5.logbook,f9,020,5.logbook,0.9646923157927757,949.8350296020508,18459.0,201
HoF-f9-020-6.logbook,f9,020,6.logbook,0.9646923157927757,924.913658618927,18499.0,201
HoF-f9-020-7.logbook,f9,020,7.logbook,0.8293042629830248,923.1732156276703,18556.0,201
HoF-f9-020-8.logbook,f9,020,8.logbook,0.9771816423103157,952.793863773346,18417.0,201
HoF-f9-020-9.logbook,f9,020,9.logbook,0.9621711176581496,932.4832179546356,18491.0,201
HoF-f9-050-0.logbook,f9,050,0.logbook,0.891568942115014,964.7217311859131,18489.0,201
HoF-f9-050-1.logbook,f9,050,1.logbook,0.8300137452121901,945.3738534450531,18445.0,201
HoF-f9-050-2.logbook,f9,050,2.logbook,0.8473995719065132,952.1469767093658,18527.0,201
HoF-f9-050-3.logbook,f9,050,3.logbook,0.7951718652751276,947.5681369304657,18509.0,201
HoF-f9-050-4.logbook,f9,050,4.logbook,0.8376647841014201,966.7128765583038,18457.0,201
HoF-f9-050-5.logbook,f9,050,5.logbook,0.7952273904077412,919.5709369182587,18508.0,201
HoF-f9-050-6.logbook,f9,050,6.logbook,0.7813533199271755,930.5368349552155,18522.0,201
HoF-f9-050-7.logbook,f9,050,7.logbook,0.8349504406724408,907.3798213005066,18562.0,201
HoF-f9-050-8.logbook,f9,050,8.logbook,0.8679925640563256,382.8308699131012,18447.0,201
HoF-f9-050-9.logbook,f9,050,9.logbook,0.861638502683335,371.13641262054443,18518.0,201
