creature_index,creature_name,perfperiod,velocity,distance,vertpos,vertvel
1,"Slow, smelling puller",1,0.01010204067294176,101.02040672941759,0.20405681530369116,0.006613433244506988
2,Caterpillar,1,0.003015348338582754,30.153483385827542,0.15807486598510942,0.0018861854377858365
3,Basic Quadruped,1,0.010349419631104613,103.49419631104614,0.2528152142702071,0.0015755948319756954
4,Walking Lizard,1,0.014994248687533284,149.94248687533283,0.019575786468293575,0.0021355031932377344
5,Fast Lizard,1,0.043184056817319384,431.84056817319384,0.07984037419191302,0.009439082242905995
6,Speedy,1,0.062209327755397455,622.0932775539745,0.24186052762657972,0.013150080040659325
7,Hopping Spider 2 legs,1,0.03364082256573986,336.4082256573986,0.21122731864593225,0.01310892276904406
8,Hopping Spider 3 legs,1,0.03282006537689768,328.2006537689768,0.2611332561573858,0.014192832259624226
9,Hopping Spider 5 legs,1,0.024149597095564412,241.49597095564414,0.25334344103514667,0.022499445412127724
10,Bugsy,1,0.019169242888084918,191.69242888084918,0.77355629079717,0.010583901095680106
11,Turanjaguar,1,0.049394799600885386,493.94799600885386,0.9203500564097354,0.03705292335850591
12,2-leg Rammer,1,6.784499266937061e-07,0.006784499266937061,0.05898860153082727,6.32623744706235e-07
13,Dancer,1,2.83887731456306e-16,2.8388773145630597e-12,-0.010000000000001426,0.0
14,Walker Handicapped,1,0.01903543154241717,190.3543154241717,0.1159483116680198,0.009474625021398862
15,Walker With a Little Tail,1,0.027139261054198692,271.3926105419869,0.08830091187935825,0.012619726026047993
16,Jumper,1,0.0314620717587718,314.620717587718,0.17259050446588467,0.013967390712006603
17,Sleeper,1,0.009009868239305878,90.09868239305878,0.05031706173161137,0.003920426781620874
18,"Food Finder, 4 legs",1,1.5220799969311732e-15,1.5220799969311732e-11,-0.010000000000001426,1.0739673039772412e-18
19,Food Finder Worm,1,0.0,0.0,-0.010000000000001426,0.0
20,Lame Antelope,1,0.011491144973794535,114.91144973794535,0.08135605767643524,0.00756344511835861
21,Blender,1,0.00022891200895455458,2.2891200895455457,0.22381354245717502,0.00014373976595940036
22,Rolling Blender #1,1,0.021713439370578083,217.13439370578084,0.23127823294252575,0.011356664317727787
23,Rolling Blender #2,1,0.021786462199426364,217.86462199426364,0.22709315284972217,0.010942749513302166
24,Frog,1,0.06006272708213617,600.6272708213617,0.2106497778227848,0.02136876195168441
25,Frog #2,1,0.04367108692177471,436.7108692177471,0.14571899579094186,0.019379609649329634
26,Centipede,1,9.238226604578234e-05,0.9238226604578234,-0.00948395813742395,6.83977635648485e-05
27,Scorpion,1,0.016560593378893453,165.60593378893452,0.19323222805855664,0.009842650290567266
28,Kicker,1,0.04285273682513566,428.52736825135656,0.9011094610755764,0.030044776537592098
1,"Slow, smelling puller",2,0.010027594113860127,100.27594113860127,0.2040603775159942,0.006522652066060264
2,Caterpillar,2,0.003011163725435446,30.11163725435446,0.15807582446746682,0.0018830843180404656
3,Basic Quadruped,2,0.010343582817523452,103.43582817523452,0.25281494899400625,0.0015605371845258489
4,Walking Lizard,2,0.0149705193036199,149.705193036199,0.019576665032907222,0.0020788199857298545
5,Fast Lizard,2,0.043129414723556504,431.29414723556505,0.07983746458322132,0.009367347138844753
6,Speedy,2,0.06216592295632779,621.6592295632779,0.2418611145079752,0.013051192023509054
7,Hopping Spider 2 legs,2,0.033565873064869585,335.65873064869584,0.21123225123381476,0.013045500029601394
8,Hopping Spider 3 legs,2,0.032764016445792146,327.64016445792146,0.26114694060862403,0.014148607417342262
9,Hopping Spider 5 legs,2,0.024036218390840098,240.362183908401,0.2533497471433758,0.022392168801174457
10,Bugsy,2,0.019134185593219583,191.3418559321958,0.7735757015207391,0.010561443192516614
11,Turanjaguar,2,0.04934207716077998,493.4207716077998,0.9203663101255006,0.03700005537867537
12,2-leg Rammer,2,6.277464332658201e-07,0.006277464332658201,0.058988640874939935,6.27468850288914e-07
13,Dancer,2,2.0598408644751864e-16,2.0598408644751865e-12,-0.009999999999999724,0.0
14,Walker Handicapped,2,0.018875050313761348,188.7505031376135,0.11594826529028993,0.009334317873196213
15,Walker With a Little Tail,2,0.02694096869818378,269.4096869818378,0.08830764091052698,0.012479096131404969
16,Jumper,2,0.031346688714038576,313.4668871403858,0.1726183774449682,0.013860149430595848
17,Sleeper,2,0.008989275128936387,89.89275128936387,0.05031606616049496,0.003896330183348655
18,"Food Finder, 4 legs",2,8.244719165111826e-16,8.244719165111826e-12,-0.009999999999999724,5.257946855685702e-19
19,Food Finder Worm,2,0.0,0.0,-0.009999999999999724,0.0
20,Lame Antelope,2,0.011384752174676693,113.84752174676693,0.08135642533094112,0.007506022621407953
21,Blender,2,0.00022722591419759968,2.2722591419759968,0.22381069348048746,0.00014297291841003097
22,Rolling Blender #1,2,0.021689571924074072,216.89571924074073,0.2312807687952182,0.011331853785675503
23,Rolling Blender #2,2,0.02176306864870829,217.6306864870829,0.22709157284657036,0.010918157684150673
24,Frog,2,0.05980891981054458,598.0891981054458,0.2106499618438806,0.02119970935622784
25,Frog #2,2,0.04337356850080153,433.7356850080153,0.1457281118030435,0.019206054524126135
26,Centipede,2,8.256686350553232e-05,0.8256686350553232,-0.00949358099383565,6.297623774384675e-05
27,Scorpion,2,0.016467513601484816,164.67513601484816,0.19323812369270588,0.00978554695846096
28,Kicker,2,0.042767571782340266,427.67571782340264,0.9011151600071508,0.02995978798603092
1,"Slow, smelling puller",5,0.009661705553602486,96.61705553602486,0.20411841892734944,0.006175075938148441
2,Caterpillar,5,0.0029830192910052836,29.830192910052837,0.15807774532985347,0.001859257191675956
3,Basic Quadruped,5,0.010310906879606356,103.10906879606357,0.25281510299984117,0.0014924613311995823
4,Walking Lizard,5,0.014861824787456793,148.61824787456794,0.019575620191098368,0.0018321048784828136
5,Fast Lizard,5,0.0428964707305322,428.964707305322,0.07978113206225847,0.008920292733434509
6,Speedy,5,0.06195127557146769,619.5127557146769,0.24187426389187944,0.012488864891646204
7,Hopping Spider 2 legs,5,0.03319766708128058,331.97667081280576,0.21123244191899962,0.012724035006393315
8,Hopping Spider 3 legs,5,0.03246277101639198,324.6277101639198,0.26116615691901957,0.01389435053516527
9,Hopping Spider 5 legs,5,0.023384905824934257,233.84905824934256,0.25337891801661927,0.021773330425027188
10,Bugsy,5,0.018928470916129342,189.28470916129342,0.77362942056836,0.010442486425199987
11,Turanjaguar,5,0.04899273131574001,489.9273131574001,0.9203798081669181,0.03663567884164583
12,2-leg Rammer,5,6.160265571332627e-07,0.006160265571332627,0.05898877086124571,6.067687859136285e-07
13,Dancer,5,1.0243138358888286e-16,1.0243138358888286e-12,-0.009999999999999646,0.0
14,Walker Handicapped,5,0.01813823502384473,181.38235023844732,0.11591827976284251,0.00870416067369708
15,Walker With a Little Tail,5,0.026145928583080746,261.45928583080746,0.08829108599078526,0.011863033509895073
16,Jumper,5,0.030786951471802507,307.8695147180251,0.17266429577746464,0.013311747810830539
17,Sleeper,5,0.008862578119175011,88.62578119175011,0.050328883994934626,0.00375835481478645
18,"Food Finder, 4 legs",5,3.0327046517804217e-16,3.0327046517804215e-12,-0.009999999999999646,2.1146279172157278e-19
19,Food Finder Worm,5,0.0,0.0,-0.009999999999999646,0.0
20,Lame Antelope,5,0.010906427287848955,109.06427287848955,0.0813801390641537,0.007236306734871246
21,Blender,5,0.00022481705682385106,2.2481705682385105,0.22380037410559234,0.00014105510438361103
22,Rolling Blender #1,5,0.021535473399186364,215.35473399186364,0.2312882743497561,0.011139050774624203
23,Rolling Blender #2,5,0.02160782258928371,216.0782258928371,0.2270888973861004,0.010739126643225346
24,Frog,5,0.05875190405337859,587.5190405337859,0.21062878707707997,0.020316325829513086
25,Frog #2,5,0.04196667403897979,419.66674038979784,0.14579786499503855,0.01811578461515014
26,Centipede,5,5.709509288666681e-05,0.5709509288666681,-0.009520009729247216,4.4949568036286925e-05
27,Scorpion,5,0.015979411076965457,159.79411076965457,0.19322337040389326,0.009417285609496735
28,Kicker,5,0.04227979378187675,422.7979378187675,0.9011633261749988,0.02947290279389603
1,"Slow, smelling puller",10,0.008781836488909584,87.81836488909585,0.20412371223026632,0.005374202187055573
2,Caterpillar,10,0.0028966708529617447,28.96670852961745,0.15806571891466203,0.0017788466812182439
3,Basic Quadruped,10,0.010221551547494871,102.21551547494872,0.25281916805788324,0.001300331461623392
4,Walking Lizard,10,0.014642139715450931,146.42139715450932,0.019565002038774027,0.0013226778634400638
5,Fast Lizard,10,0.04245100576712191,424.51005767121904,0.08000008912296222,0.00791956171319118
6,Speedy,10,0.061501855709758024,615.0185570975802,0.2417759967817518,0.011243770812042463
7,Hopping Spider 2 legs,10,0.03238888193459783,323.88881934597833,0.21102010159228407,0.011882082613615895
8,Hopping Spider 3 legs,10,0.03168058148834795,316.8058148834795,0.2610755997458637,0.013166413129718365
9,Hopping Spider 5 legs,10,0.021449234694845304,214.49234694845305,0.25336931698798476,0.019814405303618294
10,Bugsy,10,0.018300630221900722,183.0063022190072,0.7737073154838974,0.01012416496984567
11,Turanjaguar,10,0.0477427741291717,477.42774129171704,0.9204874386590843,0.03516140145566607
12,2-leg Rammer,10,5.133061867027295e-07,0.005133061867027295,0.05898903066630722,5.131066428747923e-07
13,Dancer,10,8.02941055517529e-17,8.029410555175291e-13,-0.00999999999999986,0.0
14,Walker Handicapped,10,0.01646618667755538,164.66186677555382,0.1159727911392891,0.0072401707828025465
15,Walker With a Little Tail,10,0.024451181102660688,244.51181102660686,0.08801334408439655,0.0101663992352938
16,Jumper,10,0.029495338340269142,294.95338340269143,0.17294533777590243,0.012145186818182128
17,Sleeper,10,0.008493261191651922,84.93261191651922,0.05028229715292637,0.003443808369176491
18,"Food Finder, 4 legs",10,1.649940897573629e-16,1.649940897573629e-12,-0.00999999999999986,1.132774429812855e-19
19,Food Finder Worm,10,0.0,0.0,-0.00999999999999986,0.0
20,Lame Antelope,10,0.010128914205563494,101.28914205563494,0.08094179565685661,0.006826201796211496
21,Blender,10,0.00021383904554766092,2.138390455476609,0.22378572120207604,0.00013250008659500758
22,Rolling Blender #1,10,0.02103923798028747,210.39237980287473,0.23130444318497562,0.010488483011012083
23,Rolling Blender #2,10,0.021098216420997396,210.98216420997394,0.22707651476931878,0.01016417235201118
24,Frog,10,0.056570662234836346,565.7066223483635,0.2103827126601259,0.0182551993487025
25,Frog #2,10,0.0396946697888117,396.946697888117,0.14574671375641404,0.016053767271154686
26,Centipede,10,4.297017196769205e-05,0.4297017196769205,-0.009589681410916377,3.4443940984748436e-05
27,Scorpion,10,0.014682190439960474,146.82190439960473,0.19329327952876368,0.008406750327609304
28,Kicker,10,0.04128935121414334,412.89351214143335,0.9008463586014359,0.028581459123821124
1,"Slow, smelling puller",25,0.005127629477682846,51.276294776828465,0.20463971318972135,0.0025262341040249874
2,Caterpillar,25,0.0024955278160208026,24.955278160208024,0.15781775650581986,0.001435092124369276
3,Basic Quadruped,25,0.009898363524754407,98.98363524754407,0.2526931488949677,0.0007189565440972726
4,Walking Lizard,25,0.014271187945865552,142.71187945865552,0.01955955211827202,0.000744638665403388
5,Fast Lizard,25,0.041560677784444076,415.6067778444408,0.08008478339728278,0.004127353779228125
6,Speedy,25,0.06027341041403183,602.7341041403183,0.2440663928842748,0.006850461541310694
7,Hopping Spider 2 legs,25,0.029792941559124847,297.92941559124847,0.2104991184262588,0.008647550962776899
8,Hopping Spider 3 legs,25,0.028036542320158755,280.36542320158753,0.2620204063802509,0.009311239227038496
9,Hopping Spider 5 legs,25,0.01143732085988007,114.37320859880072,0.2528907323799962,0.009555158849921738
10,Bugsy,25,0.015206220612655537,152.06220612655537,0.7735949036927185,0.008285413868857583
11,Turanjaguar,25,0.04069148280552525,406.91482805525254,0.9209838914752301,0.02683114767844683
12,2-leg Rammer,25,1.8084011938264542e-07,0.001808401193826454,0.058990214545113565,1.7895790720505385e-07
13,Dancer,25,4.8866940136737096e-17,4.88669401367371e-13,-0.01,0.0
14,Walker Handicapped,25,0.01313587706264116,131.3587706264116,0.11348800660564777,0.003664606164565288
15,Walker With a Little Tail,25,0.020334607619468738,203.34607619468738,0.08892928147021645,0.0027910787245046553
16,Jumper,25,0.026613799237737573,266.1379923773757,0.17311050212614326,0.008301143666701908
17,Sleeper,25,0.007300075807283703,73.00075807283703,0.05026512037745927,0.0021817650010586176
18,"Food Finder, 4 legs",25,6.386569788521587e-17,6.386569788521587e-13,-0.01,4.180683577104105e-20
19,Food Finder Worm,25,0.0,0.0,-0.01,0.0
20,Lame Antelope,25,0.0064745534016392315,64.74553401639231,0.08105138828566642,0.004312933813419665
21,Blender,25,0.00017520799677999712,1.7520799677999712,0.223796420967059,0.00010911443881090246
22,Rolling Blender #1,25,0.01871063660230364,187.1063660230364,0.23128329654110075,0.007228697458322087
23,Rolling Blender #2,25,0.018624982687407716,186.24982687407717,0.22715483669014822,0.006991367966581494
24,Frog,25,0.051643217741857164,516.4321774185717,0.21028093101778292,0.012687361804723398
25,Frog #2,25,0.0338223381385524,338.223381385524,0.1423556348567201,0.007335000356313566
26,Centipede,25,2.776807560109944e-05,0.2776807560109944,-0.009746529255601311,2.443597397506369e-05
27,Scorpion,25,0.01100890523360071,110.08905233600709,0.19387767921309004,0.005076099581112557
28,Kicker,25,0.0366504166204456,366.50416620445606,0.8991855376228431,0.023787022524087757
1,"Slow, smelling puller",50,0.0027460421506879064,27.46042150687906,0.20319765882074198,0.0012423793766594155
2,Caterpillar,50,0.0016510460717516307,16.510460717516306,0.15628369524947988,0.0006558202764907043
3,Basic Quadruped,50,0.009709413656068918,97.09413656068918,0.25180302677854327,0.00020820792966683724
4,Walking Lizard,50,0.014067889866118864,140.67889866118864,0.019486972213675607,0.0002926594136819619
5,Fast Lizard,50,0.041263372670453706,412.6337267045371,0.07895610498646041,0.0016213236979152072
6,Speedy,50,0.05944719504193586,594.4719504193586,0.2442489647473346,0.003468891384852642
7,Hopping Spider 2 legs,50,0.02705510183970792,270.5510183970792,0.21278259575464134,0.0034529991495743807
8,Hopping Spider 3 legs,50,0.022935941310071963,229.35941310071962,0.2576828275622855,0.004083457165671877
9,Hopping Spider 5 legs,50,0.0071703396034002755,71.70339603400275,0.2553156691153164,0.004641548402619774
10,Bugsy,50,0.010408175725156272,104.08175725156272,0.7828885557398029,0.0035936783541585166
11,Turanjaguar,50,0.02865907868544091,286.5907868544091,0.9101299091654568,0.006863604254810902
12,2-leg Rammer,50,1.745268035643343e-07,0.001745268035643343,0.05899029055131646,1.7438711653889674e-07
13,Dancer,50,3.379956031182616e-17,3.379956031182616e-13,-0.01,0.0
14,Walker Handicapped,50,0.011830894103422581,118.30894103422581,0.11496617374007496,0.0015165643110607446
15,Walker With a Little Tail,50,0.01979814059308683,197.98140593086828,0.08589456641700131,0.00215552645142534
16,Jumper,50,0.02435810520849546,243.5810520849546,0.1744386811676177,0.0026258199141100764
17,Sleeper,50,0.006713513250738032,67.13513250738032,0.05095080150226003,0.0008295345294643108
18,"Food Finder, 4 legs",50,3.055873448359651e-17,3.0558734483596515e-13,-0.01,2.1337098754514728e-20
19,Food Finder Worm,50,0.0,0.0,-0.01,0.0
20,Lame Antelope,50,0.0021804142465298984,21.804142465298984,0.08193055503251624,0.00021372067423075332
21,Blender,50,9.796143011458081e-05,0.9796143011458082,0.22302919997953777,5.088123352751569e-05
22,Rolling Blender #1,50,0.016009328441048656,160.09328441048655,0.22931466689421878,0.0009044553054375965
23,Rolling Blender #2,50,0.01587952647188476,158.7952647188476,0.2257686814197716,0.0007693725774535298
24,Frog,50,0.048834382913352944,488.3438291335294,0.21187269729474192,0.0052249311801184336
25,Frog #2,50,0.029917635989501506,299.1763598950151,0.14137230218123595,0.003611604942700896
26,Centipede,50,2.34730933704529e-05,0.234730933704529,-0.009762353080283167,2.200914786122032e-05
27,Scorpion,50,0.008408207483280824,84.08207483280825,0.19432816131338865,0.00371859969166223
28,Kicker,50,0.031130053667818437,311.30053667818436,0.8935160995870789,0.017678715913746326
1,"Slow, smelling puller",100,0.0023513284937977147,23.513284937977147,0.20344687312007884,0.0006278463808375261
2,Caterpillar,100,0.0012189694359891813,12.189694359891813,0.15923403402461767,0.00033615929648130597
3,Basic Quadruped,100,0.009689315040086147,96.89315040086147,0.25201361671209954,0.00012251640728481704
4,Walking Lizard,100,0.014015855005765736,140.15855005765735,0.019594526038500475,0.00016993163903410516
5,Fast Lizard,100,0.04118683664629018,411.8683664629018,0.07717253560953792,0.0010639616783454204
6,Speedy,100,0.05920038795153239,592.0038795153239,0.24200490040220046,0.001647102107664919
7,Hopping Spider 2 legs,100,0.025988043030049198,259.880430300492,0.20725605127286617,0.002067282013424318
8,Hopping Spider 3 legs,100,0.0203924044822605,203.92404482260497,0.2633859526739963,0.002118098566157256
9,Hopping Spider 5 legs,100,0.005571091010873635,55.71091010873635,0.25541992132088925,0.0024326789277836804
10,Bugsy,100,0.008291607987525854,82.91607987525855,0.7894947211893523,0.0020237195210080212
11,Turanjaguar,100,0.027324424437106462,273.2442443710646,0.9082377055910426,0.005404065271928706
12,2-leg Rammer,100,7.488896471476869e-08,0.0007488896471476869,0.058987906957279075,7.47862603028178e-08
13,Dancer,100,2.2974442123627423e-17,2.297444212362742e-13,-0.01,0.0
14,Walker Handicapped,100,0.011341373162499729,113.4137316249973,0.11380028374004342,0.0007391588960168346
15,Walker With a Little Tail,100,0.01951414886658644,195.1414886658644,0.08874692272933497,0.0007944899909184357
16,Jumper,100,0.02389287059000813,238.9287059000813,0.1809980220473091,0.002026827878507972
17,Sleeper,100,0.00658541125270222,65.8541125270222,0.05088359212079605,0.0005402920269979989
18,"Food Finder, 4 legs",100,1.748126134648887e-17,1.748126134648887e-13,-0.01,1.3010426069826053e-20
19,Food Finder Worm,100,0.0,0.0,-0.01,0.0
20,Lame Antelope,100,0.0008991171459649987,8.991171459649987,0.08280807115534072,0.00015364346440817632
21,Blender,100,7.252657143099816e-05,0.7252657143099815,0.22331800238688207,2.6927433502248155e-05
22,Rolling Blender #1,100,0.015057592158280047,150.57592158280048,0.23062243158203852,0.000591943653252856
23,Rolling Blender #2,100,0.01495982904498531,149.5982904498531,0.22132905242193887,0.0005513879731073108
24,Frog,100,0.04737348956918315,473.7348956918315,0.21553711478935061,0.0035764869237704102
25,Frog #2,100,0.029215748355654228,292.1574835565423,0.14244082446274606,0.0020440582367965707
26,Centipede,100,2.145723954412559e-05,0.2145723954412559,-0.009749933379133203,2.0652501300150426e-05
27,Scorpion,100,0.0035210994082543784,35.210994082543785,0.19843104952273447,0.0012829334769348414
28,Kicker,100,0.022882341810394637,228.82341810394638,0.8335346862159695,0.007694659020840561
1,"Slow, smelling puller",250,0.0022226404039827176,22.226404039827177,0.2003092466976521,0.00011985184129095511
2,Caterpillar,250,0.0007691785982373922,7.691785982373921,0.15195352652960556,0.00016125797681257973
3,Basic Quadruped,250,0.009680517317727665,96.80517317727664,0.2508657321321413,6.0943044852107674e-05
4,Walking Lizard,250,0.013987945584932993,139.87945584932993,0.020657711458082085,6.188372666864338e-05
5,Fast Lizard,250,0.041160516073838714,411.60516073838716,0.08239126937191694,0.000353670750094068
6,Speedy,250,0.058889555794735864,588.8955579473586,0.24962075395909097,0.0006861850422573437
7,Hopping Spider 2 legs,250,0.02440411266822201,244.04112668222012,0.1928355077628387,0.0005079815772447529
8,Hopping Spider 3 legs,250,0.017664779146196356,176.64779146196355,0.25489670902075867,0.0010410918699222424
9,Hopping Spider 5 legs,250,0.004942399884844269,49.42399884844269,0.27342638874921693,0.0009016449728252335
10,Bugsy,250,0.007227995497998942,72.27995497998941,0.7975642280867337,0.0008460810528187152
11,Turanjaguar,250,0.025645977453629103,256.45977453629104,0.906080047568603,0.0020943478494702
12,2-leg Rammer,250,7.301158128102923e-08,0.0007301158128102923,0.05898872812889399,7.29225053169906e-08
13,Dancer,250,1.437540557388995e-17,1.4375405573889948e-13,-0.01,0.0
14,Walker Handicapped,250,0.010741085187365747,107.41085187365748,0.1067061294700079,0.00025902468814202405
15,Walker With a Little Tail,250,0.019306805568210815,193.06805568210814,0.0813071539243206,0.0002322488212524083
16,Jumper,250,0.02347765711511038,234.77657115110378,0.17121879790560393,0.00041405872139281297
17,Sleeper,250,0.006524453495201841,65.24453495201841,0.05305633316496076,0.00011473677479271286
18,"Food Finder, 4 legs",250,6.44883391272738e-18,6.44883391272738e-14,-0.01,3.989863994746656e-21
19,Food Finder Worm,250,0.0,0.0,-0.01,0.0
20,Lame Antelope,250,0.0009698621543967709,9.69862154396771,0.0835788740736597,0.0001221266089856607
21,Blender,250,2.6608467445921983e-05,0.26608467445921985,0.22304354389468978,8.424672647215994e-06
22,Rolling Blender #1,250,0.015007681711268135,150.07681711268134,0.22910443674519096,0.0004116168846055828
23,Rolling Blender #2,250,0.014947013066968287,149.47013066968287,0.22709357218701906,0.00046797071557023713
24,Frog,250,0.04517315543107105,451.7315543107105,0.2121468094872947,0.0007732883780283078
25,Frog #2,250,0.028207702265025666,282.07702265025665,0.13031593668021715,0.0004625802215788847
26,Centipede,250,2.030202356493403e-05,0.20302023564934032,-0.009772229535673815,1.9995740620863758e-05
27,Scorpion,250,0.0022280554067793832,22.280554067793833,0.15403923431839986,0.00018120665207624036
28,Kicker,250,0.01888229911740508,188.8229911740508,0.9504848142342671,0.0036095581030560825
1,"Slow, smelling puller",500,0.002217839659905543,22.178396599055432,0.19949464961162217,7.801251137965386e-05
2,Caterpillar,500,0.0007390752420411494,7.390752420411495,0.16011663971868842,0.00013999143285209773
3,Basic Quadruped,500,0.009673502191437226,96.73502191437225,0.25001433321033545,2.377234102995805e-05
4,Walking Lizard,500,0.01394530446873087,139.4530446873087,0.021363679105836007,3.393641192871659e-05
5,Fast Lizard,500,0.041141114310685234,411.41114310685236,0.08265386665472235,0.00020392824765102914
6,Speedy,500,0.05824034147849027,582.4034147849027,0.2756434285154224,0.00023196757762649
7,Hopping Spider 2 legs,500,0.019930728855538767,199.30728855538766,0.18784406817457155,0.0003547502383439187
8,Hopping Spider 3 legs,500,0.013266110755816518,132.66110755816518,0.32453823631765355,0.0005787665530984583
9,Hopping Spider 5 legs,500,0.004772209299725834,47.72209299725834,0.3442609205494929,0.00020109637250297156
10,Bugsy,500,0.006813968633885392,68.13968633885392,0.7865471881901097,0.0003206093690065943
11,Turanjaguar,500,0.024035377466850288,240.3537746685029,0.8885530231289004,0.0012180778709494399
12,2-leg Rammer,500,7.297227115784592e-08,0.0007297227115784592,0.05898890317886437,7.292250530260072e-08
13,Dancer,500,9.198928965836903e-18,9.198928965836903e-14,-0.01,0.0
14,Walker Handicapped,500,0.009826847757838559,98.26847757838559,0.10577516738214038,0.0001654458083357232
15,Walker With a Little Tail,500,0.018948178993914242,189.48178993914243,0.08444212324087477,0.00016911149072712127
16,Jumper,500,0.022720720375428875,227.20720375428877,0.1839484568596251,0.0003501438574670901
17,Sleeper,500,0.006518720416084291,65.18720416084291,0.051175098899475344,6.49429748585431e-05
18,"Food Finder, 4 legs",500,3.752443119822814e-18,3.7524431198228134e-14,-0.01,2.255140518769849e-21
19,Food Finder Worm,500,0.0,0.0,-0.01,0.0
20,Lame Antelope,500,0.0007932722726461976,7.932722726461976,0.08134440710664445,0.00010578336193301428
21,Blender,500,2.4349786165602738e-05,0.24349786165602738,0.22213909381289296,8.00437773912547e-06
22,Rolling Blender #1,500,0.014921413974854969,149.21413974854968,0.23017316559519924,0.0003105932485260807
23,Rolling Blender #2,500,0.014913579718671814,149.13579718671815,0.23028109088912943,0.00034902832863662896
24,Frog,500,0.04341304451872851,434.1304451872851,0.19431284108859426,0.0006417623387148872
25,Frog #2,500,0.026639681129026285,266.39681129026286,0.13341072793404687,0.00034239855467325345
26,Centipede,500,1.9744525509379575e-05,0.19744525509379576,-0.009781968910688632,1.9610472328055333e-05
27,Scorpion,500,0.002210956696036819,22.10956696036819,0.15672439018504117,0.0001337571100612771
28,Kicker,500,0.018537348243568,185.37348243568002,0.9159721578144802,0.0019334232691703434
1,"Slow, smelling puller",1000,0.0022167886040089946,22.167886040089947,0.20499635817211392,5.517481680696155e-05
2,Caterpillar,1000,0.0005848793894564926,5.848793894564927,0.12514505448104693,4.071769956588185e-05
3,Basic Quadruped,1000,0.009666446432659724,96.66446432659724,0.247680462595588,1.672561928013021e-05
4,Walking Lizard,1000,0.013783520224149826,137.83520224149825,0.023149657257044556,1.1478448778259572e-05
5,Fast Lizard,1000,0.04112875001027254,411.2875001027254,0.10124494561613707,6.530235001980243e-05
6,Speedy,1000,0.05596072039137437,559.6072039137437,0.26985853185750697,0.0001604229234763607
7,Hopping Spider 2 legs,1000,0.00964423802933755,96.44238029337549,0.2516537649798076,0.0002034207049347883
8,Hopping Spider 3 legs,1000,0.007648357184418862,76.48357184418862,0.35199002995039563,0.00036481210696915717
9,Hopping Spider 5 legs,1000,0.004491131253622346,44.91131253622346,0.3542657829874754,0.0001770265269722313
10,Bugsy,1000,0.006666456605992977,66.66456605992977,0.8016706236442512,0.00022731226955403886
11,Turanjaguar,1000,0.01741058469926027,174.1058469926027,0.9330942135762212,0.00040640566934243855
12,2-leg Rammer,1000,7.293784176635056e-08,0.0007293784176635056,0.058988898467381375,7.292250521992935e-08
13,Dancer,1000,6.0588415219872585e-18,6.058841521987258e-14,-0.01,0.0
14,Walker Handicapped,1000,0.008664965734120116,86.64965734120116,0.10793664361324927,0.00012935385973943683
15,Walker With a Little Tail,1000,0.017368389662504695,173.68389662504694,0.07243294436119974,8.03884085398318e-05
16,Jumper,1000,0.02068018296957404,206.80182969574042,0.21840431208620983,0.00030284166730276316
17,Sleeper,1000,0.0065125538050253215,65.12553805025321,0.05840900683940823,3.8045307408104654e-05
18,"Food Finder, 4 legs",1000,2.349720529595708e-18,2.349720529595708e-14,-0.01,8.673617379884036e-22
19,Food Finder Worm,1000,0.0,0.0,-0.01,0.0
20,Lame Antelope,1000,0.0007634278885948105,7.634278885948104,0.08185507487618811,9.967698151766598e-05
21,Blender,1000,2.2439181949165563e-05,0.22439181949165563,0.22247827171372855,6.573377266519728e-06
22,Rolling Blender #1,1000,0.014697037813403157,146.97037813403156,0.22782002709652266,0.00013083676278970733
23,Rolling Blender #2,1000,0.01490743057883774,149.0743057883774,0.2437403150865673,6.864662790721864e-05
24,Frog,1000,0.038782456235895144,387.8245623589514,0.17772518031944143,0.0002448794511533525
25,Frog #2,1000,0.02272111553371098,227.21115533710983,0.164419043314152,0.00018664869707847462
26,Centipede,1000,1.957101073026432e-05,0.19571010730264318,-0.009773062241501089,1.948938023841051e-05
27,Scorpion,1000,0.0021926321501543507,21.92632150154351,0.14904678990550205,7.273526780743096e-05
28,Kicker,1000,0.018412620000149843,184.12620000149843,1.0166266351599393,0.0008112853341159433
1,"Slow, smelling puller",2000,0.002216088240182352,22.16088240182352,0.1954633656765162,3.795081704238553e-05
2,Caterpillar,2000,0.0005537403242428811,5.537403242428811,0.1048386937255395,1.0496549215707335e-07
3,Basic Quadruped,2000,0.009658883369525079,96.5888336952508,0.2432409999026987,7.715929308723019e-06
4,Walking Lizard,2000,0.013154848644615748,131.54848644615748,0.02148900663722987,1.0076836172709818e-05
5,Fast Lizard,2000,0.0411105256477798,411.105256477798,0.08989637079828572,5.6342630486623356e-05
6,Speedy,2000,0.049295051456582445,492.95051456582445,0.29238997401842504,6.695008748910503e-05
7,Hopping Spider 2 legs,2000,0.0073459026063420795,73.4590260634208,0.2795146324911962,0.00017201633250460627
8,Hopping Spider 3 legs,2000,0.004954836008288004,49.54836008288004,0.5429856657851843,0.00015484254490511897
9,Hopping Spider 5 legs,2000,0.0035177120613020052,35.17712061302005,0.4384981734658767,6.035448621107322e-05
10,Bugsy,2000,0.006635025188060704,66.35025188060705,0.7902934107241093,0.00020520600919717786
11,Turanjaguar,2000,0.005061155825725192,50.611558257251914,0.8494676409911206,0.00022850933599384159
12,2-leg Rammer,2000,7.293190410114308e-08,0.0007293190410114308,0.0589888709798824,7.292250521992935e-08
13,Dancer,2000,4.258806056075557e-18,4.2588060560755565e-14,-0.01,0.0
14,Walker Handicapped,2000,0.005786165960229449,57.861659602294495,0.11744994781269334,6.49129542053981e-05
15,Walker With a Little Tail,2000,0.013377920780906482,133.77920780906481,0.03943052546433026,2.3487214720369673e-05
16,Jumper,2000,0.013424877308910168,134.2487730891017,0.1902864662936933,6.229599705721724e-05
17,Sleeper,2000,0.00650513145820208,65.05131458202081,0.05134626946689809,3.4927534447697686e-05
18,"Food Finder, 4 legs",2000,1.5049541076074405e-18,1.5049541076074404e-14,-0.01,8.673617379884036e-22
19,Food Finder Worm,2000,0.0,0.0,-0.01,0.0
20,Lame Antelope,2000,0.0007406908794015632,7.4069087940156315,0.06147276502159235,4.2078020637744524e-05
21,Blender,2000,2.242687445324133e-05,0.2242687445324133,0.22246462515380658,6.56787431075915e-06
22,Rolling Blender #1,2000,0.013779650641261446,137.79650641261446,0.22040114289387788,7.890394728869723e-05
23,Rolling Blender #2,2000,0.01490513340234817,149.0513340234817,0.23847043018153263,5.445352847370815e-05
24,Frog,2000,0.029135070949874678,291.35070949874677,0.11542907521703416,8.60077253484349e-05
25,Frog #2,2000,0.021476662693409868,214.76662693409867,0.15546203321821533,0.00010345302392396636
26,Centipede,2000,1.9498899942280496e-05,0.19498899942280495,-0.00985333579959734,1.946114891185527e-05
27,Scorpion,2000,0.0021781936910804873,21.781936910804873,0.13880336920816097,5.922339514010532e-05
28,Kicker,2000,0.018374089813126576,183.74089813126577,1.3972084414965757,0.00039286290498912894
1,"Slow, smelling puller",5000,0.0022157123846668716,22.157123846668718,0.2205312070119176,2.8232444317570106e-05
2,Caterpillar,5000,0.0005535596393596149,5.5355963935961485,0.10500101636142307,1.0492294604618063e-07
3,Basic Quadruped,5000,0.009621619744907904,96.21619744907905,0.24739206847226156,2.856909385359757e-06
4,Walking Lizard,5000,0.009667454393428818,96.67454393428818,0.015906469714782514,2.094707331606797e-06
5,Fast Lizard,5000,0.041069129586761816,410.6912958676181,0.00605282753783546,4.2674657879202216e-06
6,Speedy,5000,0.019629129904840097,196.29129904840096,0.24959339819193846,1.2602333182529628e-05
7,Hopping Spider 2 legs,5000,0.0034296600329954516,34.296600329954515,0.22174738006186434,2.3481484373248732e-05
8,Hopping Spider 3 legs,5000,0.0023940832539604195,23.940832539604195,0.24885005614618694,2.4385410973583708e-05
9,Hopping Spider 5 legs,5000,0.0007303495085987196,7.303495085987196,0.4666631210757845,1.67914919876295e-05
10,Bugsy,5000,0.006598844279389261,65.98844279389262,0.9004004542384122,3.482714013761181e-05
11,Turanjaguar,5000,0.001108317253125027,11.08317253125027,1.3534707968186166,0.0001221415070611285
12,2-leg Rammer,5000,7.292237106309258e-08,0.0007292237106309257,0.05898883775957359,7.292236974424452e-08
13,Dancer,5000,3.842847400787253e-18,3.8428474007872526e-14,-0.01,0.0
14,Walker Handicapped,5000,0.0029531410702095346,29.531410702095346,-0.006554923976684475,4.307476960793823e-06
15,Walker With a Little Tail,5000,0.00348808530642261,34.8808530642261,0.11377251602427069,1.2555424736235194e-05
16,Jumper,5000,0.005413534429494545,54.135344294945455,0.46486587598972684,5.189199189112457e-05
17,Sleeper,5000,0.006449324427096752,64.49324427096752,0.02399977798815017,2.7378839124097502e-06
18,"Food Finder, 4 legs",5000,5.619068273198698e-19,5.619068273198699e-15,-0.01,1.7347234759768072e-22
19,Food Finder Worm,5000,0.0,0.0,-0.01,0.0
20,Lame Antelope,5000,0.0006528295627080404,6.528295627080404,0.08252309109382192,2.485896917663903e-05
21,Blender,5000,2.2408555566629298e-05,0.22408555566629298,0.22243841084627292,6.561897733224145e-06
22,Rolling Blender #1,5000,0.008563584280565707,85.63584280565706,0.21865621563218093,4.452044400259325e-05
23,Rolling Blender #2,5000,0.014904268034955887,149.04268034955888,0.1647198043366093,4.099417604289369e-05
24,Frog,5000,0.01415288175645544,141.5288175645544,0.5261213897282904,0.00021733855203210704
25,Frog #2,5000,0.0094794063744542,94.794063744542,0.2638814688190167,3.979169329205991e-05
26,Centipede,5000,1.9405913149237663e-05,0.19405913149237664,-0.009736819196468497,1.9374798550854058e-05
27,Scorpion,5000,0.0020830597460684036,20.830597460684036,0.12831518881322113,4.479500840870352e-05
28,Kicker,5000,0.018346052151352706,183.46052151352706,0.43751214594482135,3.6752733637796316e-05
1,"Slow, smelling puller",10000,0.002215494215408236,22.154942154082363,0.17050906210949585,8.2235863566014e-06
2,Caterpillar,10000,0.0005535595891610457,5.535595891610457,0.10500094485760225,1.0489434451785435e-07
3,Basic Quadruped,10000,0.009504548946590708,95.04548946590708,0.25311827831857936,5.664254468326357e-07
4,Walking Lizard,10000,0.00765322808104462,76.5322808104462,0.01868056212658693,2.094707331606797e-06
5,Fast Lizard,10000,0.04093247416917146,409.32474169171456,-0.0028211159092867886,7.178884090713213e-07
6,Speedy,10000,0.010945355739769735,109.45355739769735,0.29525812228535203,1.2602333182529628e-05
7,Hopping Spider 2 legs,10000,0.0030795998109094183,30.795998109094185,0.18810900792477675,1.0026135518413684e-05
8,Hopping Spider 3 legs,10000,0.0008031609278911777,8.031609278911777,0.27769044567624157,2.438541097358371e-05
9,Hopping Spider 5 legs,10000,0.00013452649023539575,1.3452649023539576,0.46794149831213483,1.67914919876295e-05
10,Bugsy,10000,0.006592059247014973,65.92059247014973,0.9389284841913217,3.482714013761181e-05
11,Turanjaguar,10000,0.0007647604935334042,7.647604935334042,1.1129388666168916,2.5928734980438574e-05
12,2-leg Rammer,10000,7.285387747874416e-08,0.0007285387747874416,0.058988666528904755,7.285387747671471e-08
13,Dancer,10000,0.0,0.0,-0.01,0.0
14,Walker Handicapped,10000,0.002939712913078659,29.39712913078659,-0.009402651514911866,4.307476960793823e-06
15,Walker With a Little Tail,10000,0.0020672649208685594,20.672649208685595,0.09822631582474253,6.33694465642393e-06
16,Jumper,10000,0.002678679578304671,26.78679578304671,0.5389097351610456,5.189199189112457e-05
17,Sleeper,10000,0.006331386108485446,63.31386108485446,0.014012383336516165,1.2570739482438512e-06
18,"Food Finder, 4 legs",10000,5.617333817578052e-19,5.617333817578052e-15,-0.010000000000000002,1.7347234759768072e-22
19,Food Finder Worm,10000,0.0,0.0,-0.01,0.0
20,Lame Antelope,10000,0.000651830257072446,6.518302570724459,0.03050089086969975,4.050089086990156e-06
21,Blender,10000,2.239795001859742e-05,0.2239795001859742,0.2224540061956514,6.555659593472771e-06
22,Rolling Blender #1,10000,0.0017881789009266092,17.881789009266093,0.3435048366518923,5.4190044052913e-06
23,Rolling Blender #2,10000,0.014896983434811844,148.96983434811844,0.26027118973680724,2.7736218828145145e-06
24,Frog,10000,0.01208939730604649,120.8939730604649,-0.01963332046930307,9.633320469303072e-07
25,Frog #2,10000,0.00828002834433103,82.8002834433103,0.22253631411848923,2.3253631411848925e-05
26,Centipede,10000,1.9374523113179325e-05,0.19374523113179326,-0.009718571796392985,1.9367499590823852e-05
27,Scorpion,10000,0.0019282920522182313,19.282920522182312,0.025103557055350362,3.5103557055552174e-06
28,Kicker,10000,0.018291381666653048,182.9138166665305,0.5499275217827602,8.21341669737921e-06
